267,Abbie,Espinoza,25000.000000,TU6789B,ExecutiveClass,Aterrizado
926,Abbie,Guzmán,18000.000000,BR3456J,EconomyClass,Demorado
700,Abbot,Maldonado,33000.000000,HY4567D,EconomyClass,Demorado
476,Abigael,López,12000.000000,GU2345F,ExecutiveClass,En Vuelo
636,Abigail,Torres,18000.000000,HY4567D,EconomyClass,Demorado
859,Abramo,Álvarez,37000.000000,FR5678G,EconomyClass,En Horario
324,Ad,Zúñiga,33000.000000,BA2491A,EconomyClass,Aterrizado
246,Adam,Domínguez,20000.000000,TU6789B,ExecutiveClass,Aterrizado
418,Addia,Molina,20000.000000,TU6789B,EconomyClass,Aterrizado
172,Addy,Campos,33000.000000,IB0800A,EconomyClass,Aterrizado
227,Adel,Rodríguez,30000.000000,TU6789B,FirstClass,Aterrizado
788,Adelaida,Bravo,37000.000000,FR5678G,ExecutiveClass,En Horario
835,Adelle,Donoso,10000.000000,FR5678G,EconomyClass,En Horario
577,Adrianne,Bustos,10000.000000,HY4567D,FirstClass,Demorado
225,Adriano,González,33000.000000,TU6789B,FirstClass,Aterrizado
556,Aeriela,Saavedra,37000.000000,GU2345F,EconomyClass,En Vuelo
390,Ag,Flores,50000.000000,TU6789B,EconomyClass,Aterrizado
10,Aggie,Sepúlveda,15000.000000,BA2491A,FirstClass,Aterrizado
813,Agnes,Yáñez,42000.000000,FR5678G,EconomyClass,En Horario
948,Agustin,Maldonado,25000.000000,BR3456J,EconomyClass,Demorado
200,Alana,Zúñiga,30000.000000,BA2491A,EconomyClass,Aterrizado
197,Alasteir,Valdés,20000.000000,BA2491A,ExecutiveClass,Aterrizado
279,Alberik,Ramírez,50000.000000,TU6789B,ExecutiveClass,Aterrizado
345,Aldric,Guerrero,50000.000000,TU6789B,EconomyClass,Aterrizado
99,Aleda,Farías,50000.000000,IB0800A,ExecutiveClass,Aterrizado
975,Aleksandr,Pérez,42000.000000,IB0800A,EconomyClass,Aterrizado
450,Alexandr,Godoy,18000.000000,GU2345F,ExecutiveClass,En Vuelo
241,Alexandra,Romero,42000.000000,TU6789B,FirstClass,Aterrizado
39,Alfredo,Rivera,10000.000000,MM0987B,FirstClass,En Horario
772,Alica,Vásquez,37000.000000,FR5678G,ExecutiveClass,En Horario
382,Alister,Sepúlveda,33000.000000,BA2491A,EconomyClass,Aterrizado
232,Alla,Gómez,30000.000000,BA2491A,EconomyClass,Aterrizado
806,Almira,Aguilera,42000.000000,FR5678G,EconomyClass,En Horario
864,Alonzo,Navarro,12000.000000,FR5678G,EconomyClass,En Horario
703,Alverta,Pino,25000.000000,HY4567D,EconomyClass,Demorado
918,Alysia,Orellana,37000.000000,MM0987B,EconomyClass,En Horario
850,Amanda,Sánchez,37000.000000,FR5678G,EconomyClass,En Horario
754,Amber,Sepúlveda,42000.000000,FR5678G,FirstClass,En Horario
42,Ame,García,50000.000000,BA2491A,ExecutiveClass,Aterrizado
405,Amerigo,Gómez,33000.000000,TU6789B,EconomyClass,Aterrizado
236,Anastasia,Hernández,18000.000000,BA2491A,EconomyClass,Aterrizado
825,Andrei,Bustos,10000.000000,FR5678G,EconomyClass,En Horario
753,Andrej,Martínez,50000.000000,FR5678G,FirstClass,En Horario
372,Andy,Ramos,37000.000000,TU6789B,EconomyClass,Aterrizado
913,Anetta,Vera,10000.000000,MM0987B,EconomyClass,En Horario
827,Angeli,Pino,20000.000000,FR5678G,EconomyClass,En Horario
993,Angelia,Moreno,50000.000000,MM0987B,EconomyClass,En Horario
316,Angelika,Cáceres,50000.000000,BA2491A,EconomyClass,Aterrizado
86,Angie,Sanhueza,20000.000000,MM0987B,FirstClass,En Horario
583,Annabell,Carvajal,15000.000000,HY4567D,FirstClass,Demorado
893,Annamarie,Castro,20000.000000,FR5678G,EconomyClass,En Horario
964,Ansley,Venegas,37000.000000,BR3456J,EconomyClass,Demorado
27,Anthea,Álvarez,42000.000000,MM0987B,FirstClass,En Horario
461,Anthia,Sáez,37000.000000,GU2345F,ExecutiveClass,En Vuelo
572,Antonella,Zúñiga,15000.000000,GU2345F,EconomyClass,En Vuelo
437,Any,Aravena,18000.000000,GU2345F,FirstClass,En Vuelo
938,Arabel,Leiva,50000.000000,IB0800A,EconomyClass,Aterrizado
752,Arch,Silva,33000.000000,FR5678G,FirstClass,En Horario
266,Arel,Flores,30000.000000,TU6789B,ExecutiveClass,Aterrizado
705,Ariella,Moreno,12000.000000,HY4567D,EconomyClass,Demorado
670,Arlette,Orellana,30000.000000,HY4567D,EconomyClass,Demorado
963,Arley,Ortega,33000.000000,BR3456J,EconomyClass,Demorado
646,Arlie,Pizarro,42000.000000,HY4567D,EconomyClass,Demorado
976,Arlina,Gómez,33000.000000,IB0800A,EconomyClass,Aterrizado
146,Armand,Tapia,15000.000000,IB0800A,EconomyClass,Aterrizado
457,Arnaldo,Moreno,10000.000000,GU2345F,ExecutiveClass,En Vuelo
736,Arvie,Muñoz,15000.000000,IB0800A,EconomyClass,Aterrizado
604,Arvin,Gómez,50000.000000,HY4567D,ExecutiveClass,Demorado
209,Asia,Moreno,37000.000000,TU6789B,FirstClass,Aterrizado
996,Atalanta,Romero,37000.000000,MM0987B,EconomyClass,En Horario
910,Atlante,García,33000.000000,MM0987B,EconomyClass,En Horario
221,Aylmer,Guerrero,33000.000000,TU6789B,FirstClass,Aterrizado
152,Babbie,Vásquez,15000.000000,IB0800A,EconomyClass,Aterrizado
557,Babbie,Navarro,15000.000000,GU2345F,EconomyClass,En Vuelo
412,Babita,Figueroa,30000.000000,TU6789B,EconomyClass,Aterrizado
886,Bailey,Flores,30000.000000,FR5678G,EconomyClass,En Horario
403,Bar,Ramírez,20000.000000,TU6789B,EconomyClass,Aterrizado
770,Barbey,Pizarro,20000.000000,FR5678G,ExecutiveClass,En Horario
879,Barbey,Morales,12000.000000,FR5678G,EconomyClass,En Horario
774,Barde,Fernández,18000.000000,FR5678G,ExecutiveClass,En Horario
393,Barret,Castillo,10000.000000,MM0987B,ExecutiveClass,En Horario
285,Bartel,Jara,37000.000000,TU6789B,ExecutiveClass,Aterrizado
486,Bartholomew,Moreno,33000.000000,GU2345F,EconomyClass,En Vuelo
584,Basil,Navarrete,12000.000000,HY4567D,FirstClass,Demorado
693,Baxy,Valdés,20000.000000,HY4567D,EconomyClass,Demorado
844,Bella,San Martín,18000.000000,FR5678G,EconomyClass,En Horario
20,Bellanca,Valenzuela,15000.000000,BA2491A,FirstClass,Aterrizado
479,Benita,Pérez,25000.000000,GU2345F,EconomyClass,En Vuelo
408,Benson,Núñez,20000.000000,TU6789B,EconomyClass,Aterrizado
148,Benton,Gutiérrez,12000.000000,IB0800A,EconomyClass,Aterrizado
968,Berenice,San Martín,10000.000000,IB0800A,EconomyClass,Aterrizado
56,Bernardine,Garrido,33000.000000,MM0987B,FirstClass,En Horario
609,Bernita,Díaz,15000.000000,HY4567D,ExecutiveClass,Demorado
154,Bertine,Fernández,25000.000000,IB0800A,EconomyClass,Aterrizado
191,Bethina,Vázquez,15000.000000,MM0987B,ExecutiveClass,En Horario
669,Beverlee,Sandoval,25000.000000,HY4567D,EconomyClass,Demorado
499,Bibbie,Rojas,37000.000000,GU2345F,EconomyClass,En Vuelo
240,Billie,Muñoz,37000.000000,TU6789B,FirstClass,Aterrizado
512,Bird,Torres,18000.000000,MM0987B,EconomyClass,En Horario
265,Blair,Araya,50000.000000,TU6789B,ExecutiveClass,Aterrizado
768,Blakeley,Gutiérrez,18000.000000,FR5678G,ExecutiveClass,En Horario
67,Blanch,Vázquez,15000.000000,IB0800A,FirstClass,Aterrizado
21,Bobbye,Castillo,15000.000000,BA2491A,FirstClass,Aterrizado
273,Bond,Castro,10000.000000,TU6789B,ExecutiveClass,Aterrizado
331,Booth,Pino,15000.000000,TU6789B,EconomyClass,Aterrizado
657,Boothe,Jara,12000.000000,HY4567D,EconomyClass,Demorado
206,Borden,Medina,12000.000000,TU6789B,FirstClass,Aterrizado
758,Boycie,Fuentes,18000.000000,FR5678G,FirstClass,En Horario
3,Brade,Rojas,20000.000000,MM0987B,FirstClass,En Horario
25,Braden,Castro,25000.000000,MM0987B,FirstClass,En Horario
43,Bradney,Miranda,25000.000000,BA2491A,ExecutiveClass,Aterrizado
980,Brana,Hernández,10000.000000,BA2491A,EconomyClass,Aterrizado
11,Brandea,Morales,15000.000000,IB0800A,FirstClass,Aterrizado
173,Brandon,Sandoval,18000.000000,IB0800A,EconomyClass,Aterrizado
846,Brendin,Fernández,10000.000000,FR5678G,EconomyClass,En Horario
602,Brian,Sánchez,20000.000000,HY4567D,FirstClass,Demorado
434,Brietta,Aguilera,42000.000000,GU2345F,FirstClass,En Vuelo
378,Brigg,Soto,10000.000000,BA2491A,EconomyClass,Aterrizado
243,Brigham,Gutiérrez,25000.000000,TU6789B,ExecutiveClass,Aterrizado
564,Briney,Cáceres,12000.000000,GU2345F,EconomyClass,En Vuelo
908,Brittany,Figueroa,18000.000000,MM0987B,EconomyClass,En Horario
41,Brnaba,Riquelme,30000.000000,MM0987B,FirstClass,En Horario
310,Brnaba,Aguilera,37000.000000,TU6789B,EconomyClass,Aterrizado
242,Broddie,Alonso,42000.000000,TU6789B,ExecutiveClass,Aterrizado
14,Bronnie,Fuentes,20000.000000,MM0987B,FirstClass,En Horario
478,Brooke,Sánchez,20000.000000,GU2345F,EconomyClass,En Vuelo
138,Brynn,Fuentes,50000.000000,BA2491A,ExecutiveClass,Aterrizado
767,Brynne,Reyes,18000.000000,FR5678G,ExecutiveClass,En Horario
362,Buddy,Moreno,50000.000000,TU6789B,EconomyClass,Aterrizado
534,Bunnie,Vergara,33000.000000,GU2345F,EconomyClass,En Vuelo
681,Burgess,Navarro,12000.000000,HY4567D,EconomyClass,Demorado
962,Burty,Toro,12000.000000,BR3456J,EconomyClass,Demorado
153,Byram,Sánchez,42000.000000,IB0800A,EconomyClass,Aterrizado
662,Byrom,García,42000.000000,HY4567D,EconomyClass,Demorado
603,Cahra,Pérez,50000.000000,HY4567D,ExecutiveClass,Demorado
244,Cal,Navarro,42000.000000,TU6789B,ExecutiveClass,Aterrizado
830,Cale,Sanhueza,50000.000000,FR5678G,EconomyClass,En Horario
883,Callida,Hernández,33000.000000,FR5678G,EconomyClass,En Horario
502,Callie,Soto,50000.000000,GU2345F,EconomyClass,En Vuelo
931,Callie,Parra,10000.000000,BR3456J,EconomyClass,Demorado
919,Calypso,Cárdenas,12000.000000,BR3456J,ExecutiveClass,Demorado
538,Caren,García,12000.000000,BA2491A,EconomyClass,Aterrizado
558,Caren,Aguilera,15000.000000,GU2345F,EconomyClass,En Vuelo
427,Carine,Ortiz,33000.000000,GU2345F,FirstClass,En Vuelo
353,Carita,Martínez,42000.000000,TU6789B,EconomyClass,Aterrizado
666,Caritta,Molina,12000.000000,HY4567D,EconomyClass,Demorado
741,Carleton,Torres,15000.000000,FR5678G,FirstClass,En Horario
465,Carley,Bustamante,12000.000000,GU2345F,ExecutiveClass,En Vuelo
108,Carlie,Gómez,10000.000000,MM0987B,ExecutiveClass,En Horario
52,Carline,Olivares,12000.000000,IB0800A,FirstClass,Aterrizado
466,Carlye,Toro,37000.000000,GU2345F,ExecutiveClass,En Vuelo
571,Carma,Salinas,33000.000000,GU2345F,EconomyClass,En Vuelo
749,Carola,Pérez,10000.000000,FR5678G,FirstClass,En Horario
936,Carolina,Cáceres,33000.000000,IB0800A,EconomyClass,Aterrizado
50,Carroll,Orellana,42000.000000,IB0800A,FirstClass,Aterrizado
569,Carter,Valdés,33000.000000,GU2345F,EconomyClass,En Vuelo
731,Cassandry,Ruiz,33000.000000,IB0800A,EconomyClass,Aterrizado
349,Cassie,González,50000.000000,TU6789B,EconomyClass,Aterrizado
237,Cathleen,Díaz,10000.000000,TU6789B,FirstClass,Aterrizado
164,Cathrin,Figueroa,30000.000000,IB0800A,EconomyClass,Aterrizado
295,Catriona,Vega,42000.000000,TU6789B,ExecutiveClass,Aterrizado
876,Cecil,Silva,37000.000000,FR5678G,EconomyClass,En Horario
537,Ced,Riquelme,20000.000000,BA2491A,EconomyClass,Aterrizado
59,Celene,Henríquez,50000.000000,MM0987B,FirstClass,En Horario
652,Cesaro,Carrasco,30000.000000,HY4567D,EconomyClass,Demorado
834,Chad,Alvarado,15000.000000,FR5678G,EconomyClass,En Horario
291,Chalmers,Miranda,10000.000000,BA2491A,EconomyClass,Aterrizado
268,Channa,Valenzuela,50000.000000,TU6789B,ExecutiveClass,Aterrizado
397,Charil,Castro,33000.000000,MM0987B,ExecutiveClass,En Horario
303,Charin,Ortiz,12000.000000,TU6789B,EconomyClass,Aterrizado
314,Charisse,Vargas,50000.000000,TU6789B,EconomyClass,Aterrizado
522,Charles,Pizarro,42000.000000,GU2345F,EconomyClass,En Vuelo
969,Charlie,González,50000.000000,IB0800A,EconomyClass,Aterrizado
275,Charmian,Álvarez,15000.000000,TU6789B,ExecutiveClass,Aterrizado
740,Chen,Navarro,37000.000000,FR5678G,FirstClass,En Horario
945,Cherice,Peña,15000.000000,BR3456J,EconomyClass,Demorado
863,Cherish,Gutiérrez,42000.000000,FR5678G,EconomyClass,En Horario
117,Cherrita,Romero,33000.000000,MM0987B,ExecutiveClass,En Horario
239,Chet,Álvarez,42000.000000,TU6789B,FirstClass,Aterrizado
990,Chiarra,Domínguez,18000.000000,MM0987B,EconomyClass,En Horario
444,Chrissy,Ruiz,18000.000000,GU2345F,ExecutiveClass,En Vuelo
292,Christiano,Bravo,50000.000000,BA2491A,EconomyClass,Aterrizado
539,Christie,Miranda,18000.000000,BA2491A,EconomyClass,Aterrizado
831,Christina,Carvajal,37000.000000,FR5678G,EconomyClass,En Horario
469,Chrisy,Guerrero,15000.000000,GU2345F,ExecutiveClass,En Vuelo
424,Chuck,Olivares,33000.000000,GU2345F,FirstClass,En Vuelo
711,Cinda,Donoso,42000.000000,HY4567D,EconomyClass,Demorado
127,Cindelyn,Rojas,12000.000000,IB0800A,EconomyClass,Aterrizado
660,Cindi,Figueroa,12000.000000,HY4567D,EconomyClass,Demorado
18,Cirillo,Flores,50000.000000,MM0987B,FirstClass,En Horario
203,Cissiee,Lagos,18000.000000,BA2491A,EconomyClass,Aterrizado
171,Clair,Vega,37000.000000,IB0800A,EconomyClass,Aterrizado
413,Clair,Riquelme,42000.000000,TU6789B,EconomyClass,Aterrizado
555,Clarice,Henríquez,33000.000000,GU2345F,EconomyClass,En Vuelo
158,Clarie,Cortés,42000.000000,IB0800A,EconomyClass,Aterrizado
294,Cleo,Molina,50000.000000,BA2491A,EconomyClass,Aterrizado
949,Clerissa,Bustos,15000.000000,BR3456J,EconomyClass,Demorado
368,Clywd,Navarro,33000.000000,TU6789B,EconomyClass,Aterrizado
304,Coleman,Garrido,33000.000000,TU6789B,EconomyClass,Aterrizado
429,Coleman,Salazar,25000.000000,GU2345F,FirstClass,En Vuelo
475,Coletta,Rodríguez,50000.000000,GU2345F,ExecutiveClass,En Vuelo
829,Conan,Moreno,20000.000000,FR5678G,EconomyClass,En Horario
891,Conant,Reyes,37000.000000,FR5678G,EconomyClass,En Horario
496,Conrado,Ramos,50000.000000,GU2345F,EconomyClass,En Vuelo
520,Coop,Gutiérrez,37000.000000,GU2345F,EconomyClass,En Vuelo
592,Corabelle,Venegas,37000.000000,HY4567D,FirstClass,Demorado
902,Coral,Cortés,18000.000000,BR3456J,FirstClass,Demorado
140,Corbin,Torres,42000.000000,BA2491A,ExecutiveClass,Aterrizado
12,Cordelie,Rodríguez,50000.000000,IB0800A,FirstClass,Aterrizado
133,Cordy,Martínez,18000.000000,BA2491A,ExecutiveClass,Aterrizado
141,Coreen,Araya,18000.000000,IB0800A,EconomyClass,Aterrizado
55,Corina,Ortiz,37000.000000,MM0987B,FirstClass,En Horario
600,Cornall,López,18000.000000,HY4567D,FirstClass,Demorado
333,Cornie,Moreno,15000.000000,TU6789B,EconomyClass,Aterrizado
509,Cornie,López,42000.000000,MM0987B,EconomyClass,En Horario
576,Corrina,Maldonado,15000.000000,HY4567D,FirstClass,Demorado
837,Corrina,Bustamante,50000.000000,FR5678G,EconomyClass,En Horario
301,Cos,Alarcón,30000.000000,TU6789B,EconomyClass,Aterrizado
379,Crawford,Contreras,12000.000000,BA2491A,EconomyClass,Aterrizado
73,Cristi,Valdés,42000.000000,IB0800A,FirstClass,Aterrizado
36,Cristie,Núñez,10000.000000,BA2491A,FirstClass,Aterrizado
74,Cristie,Vidal,25000.000000,IB0800A,ExecutiveClass,Aterrizado
725,Cristina,Martínez,15000.000000,IB0800A,EconomyClass,Aterrizado
68,Cristobal,Cáceres,15000.000000,IB0800A,FirstClass,Aterrizado
783,Crosby,Rivera,12000.000000,FR5678G,ExecutiveClass,En Horario
914,Curry,Molina,20000.000000,MM0987B,EconomyClass,En Horario
594,Cyndia,Mendoza,33000.000000,HY4567D,FirstClass,Demorado
817,Cynthia,Valdés,25000.000000,FR5678G,EconomyClass,En Horario
800,Daffi,Garrido,12000.000000,FR5678G,ExecutiveClass,En Horario
49,Dagmar,Sandoval,25000.000000,IB0800A,FirstClass,Aterrizado
374,Dalis,Muñoz,42000.000000,TU6789B,EconomyClass,Aterrizado
654,Damara,Cortés,12000.000000,HY4567D,EconomyClass,Demorado
132,Dante,Silva,30000.000000,BA2491A,ExecutiveClass,Aterrizado
517,Danya,Castillo,25000.000000,GU2345F,EconomyClass,En Vuelo
166,Darleen,García,42000.000000,IB0800A,EconomyClass,Aterrizado
723,Darlene,Rodríguez,42000.000000,IB0800A,EconomyClass,Aterrizado
213,Darwin,Sáez,18000.000000,TU6789B,FirstClass,Aterrizado
529,Daveta,Gómez,20000.000000,GU2345F,EconomyClass,En Vuelo
308,Davide,Saavedra,42000.000000,TU6789B,EconomyClass,Aterrizado
763,Davidson,Espinoza,37000.000000,FR5678G,FirstClass,En Horario
443,Davon,Escobar,20000.000000,GU2345F,ExecutiveClass,En Vuelo
988,Dawn,Navarro,37000.000000,BA2491A,EconomyClass,Aterrizado
297,Ddene,Sandoval,12000.000000,TU6789B,ExecutiveClass,Aterrizado
997,De witt,Alonso,12000.000000,MM0987B,EconomyClass,En Horario
932,Debby,Romero,18000.000000,IB0800A,EconomyClass,Aterrizado
606,Dedie,Jiménez,33000.000000,HY4567D,ExecutiveClass,Demorado
61,Deeyn,Navarro,20000.000000,MM0987B,FirstClass,En Horario
580,Delaney,Palma,50000.000000,HY4567D,FirstClass,Demorado
955,Delila,Carvajal,20000.000000,MM0987B,EconomyClass,En Horario
536,Delmar,Figueroa,42000.000000,BA2491A,EconomyClass,Aterrizado
552,Delmore,Garrido,33000.000000,GU2345F,EconomyClass,En Vuelo
386,Demeter,Fuentes,10000.000000,TU6789B,EconomyClass,Aterrizado
369,Deni,Torres,42000.000000,TU6789B,EconomyClass,Aterrizado
416,Dennie,Bravo,42000.000000,TU6789B,EconomyClass,Aterrizado
533,Dennison,Jara,25000.000000,GU2345F,EconomyClass,En Vuelo
541,Deny,Vera,18000.000000,GU2345F,EconomyClass,En Vuelo
103,Desiri,Rodríguez,25000.000000,MM0987B,ExecutiveClass,En Horario
170,Devi,Molina,25000.000000,IB0800A,EconomyClass,Aterrizado
892,Devland,Gutiérrez,10000.000000,FR5678G,EconomyClass,En Horario
857,Devlen,Díaz,37000.000000,FR5678G,EconomyClass,En Horario
687,Devondra,Vázquez,10000.000000,HY4567D,EconomyClass,Demorado
865,Devonna,Torres,18000.000000,FR5678G,EconomyClass,En Horario
797,Diahann,Alarcón,33000.000000,FR5678G,ExecutiveClass,En Horario
145,Dianna,Castillo,20000.000000,IB0800A,EconomyClass,Aterrizado
167,Didi,Miranda,15000.000000,IB0800A,EconomyClass,Aterrizado
545,Domini,Sandoval,18000.000000,GU2345F,EconomyClass,En Vuelo
66,Dominica,Vargas,33000.000000,IB0800A,FirstClass,Aterrizado
110,Dominick,Jiménez,30000.000000,IB0800A,ExecutiveClass,Aterrizado
336,Dominique,Navarrete,37000.000000,TU6789B,EconomyClass,Aterrizado
245,Donal,Torres,18000.000000,TU6789B,ExecutiveClass,Aterrizado
320,Donaugh,Ruiz,12000.000000,BA2491A,EconomyClass,Aterrizado
934,Dorette,Vargas,37000.000000,IB0800A,EconomyClass,Aterrizado
755,Dorian,Morales,15000.000000,FR5678G,FirstClass,En Horario
28,Doro,Vásquez,33000.000000,IB0800A,FirstClass,Aterrizado
623,Dorotea,Rojas,10000.000000,HY4567D,ExecutiveClass,Demorado
489,Dorothea,Romero,15000.000000,GU2345F,EconomyClass,En Vuelo
658,Dorrie,Vergara,42000.000000,HY4567D,EconomyClass,Demorado
150,Dot,Pizarro,18000.000000,IB0800A,EconomyClass,Aterrizado
247,Dotty,Vázquez,42000.000000,TU6789B,ExecutiveClass,Aterrizado
276,Dru,Vásquez,50000.000000,TU6789B,ExecutiveClass,Aterrizado
288,Dudley,Figueroa,42000.000000,BA2491A,EconomyClass,Aterrizado
289,Dulcea,Riquelme,25000.000000,BA2491A,EconomyClass,Aterrizado
272,Duncan,Gutiérrez,37000.000000,TU6789B,ExecutiveClass,Aterrizado
135,Dunstan,Morales,20000.000000,BA2491A,ExecutiveClass,Aterrizado
567,Dur,Escobar,25000.000000,GU2345F,EconomyClass,En Vuelo
217,Dwight,Bustamante,42000.000000,TU6789B,FirstClass,Aterrizado
274,Dyann,Pizarro,50000.000000,TU6789B,ExecutiveClass,Aterrizado
596,Dylan,San Martín,30000.000000,HY4567D,FirstClass,Demorado
598,Eachelle,Fernández,37000.000000,HY4567D,FirstClass,Demorado
33,Earle,Gómez,10000.000000,BA2491A,FirstClass,Aterrizado
804,Earle,Saavedra,30000.000000,FR5678G,ExecutiveClass,En Horario
398,Easter,Pizarro,30000.000000,MM0987B,ExecutiveClass,En Horario
419,Ed,Vega,18000.000000,TU6789B,EconomyClass,Aterrizado
525,Edan,Sánchez,20000.000000,GU2345F,EconomyClass,En Vuelo
786,Edan,García,50000.000000,FR5678G,ExecutiveClass,En Horario
523,Eddy,Álvarez,12000.000000,GU2345F,EconomyClass,En Vuelo
332,Eden,Palma,18000.000000,TU6789B,EconomyClass,Aterrizado
282,Edie,Cortés,25000.000000,TU6789B,ExecutiveClass,Aterrizado
270,Edlin,Tapia,20000.000000,TU6789B,ExecutiveClass,Aterrizado
952,Edwina,Palma,42000.000000,MM0987B,EconomyClass,En Horario
810,Efrem,Vargas,20000.000000,FR5678G,EconomyClass,En Horario
769,Egan,Castro,10000.000000,FR5678G,ExecutiveClass,En Horario
198,Eleonora,Vidal,42000.000000,BA2491A,EconomyClass,Aterrizado
642,Elinor,Tapia,33000.000000,HY4567D,EconomyClass,Demorado
199,Eliot,Salinas,12000.000000,BA2491A,EconomyClass,Aterrizado
716,Elita,Venegas,18000.000000,IB0800A,EconomyClass,Aterrizado
808,Emanuel,Romero,30000.000000,FR5678G,EconomyClass,En Horario
591,Emlyn,Ortega,50000.000000,HY4567D,FirstClass,Demorado
601,Emmalee,Martínez,18000.000000,HY4567D,FirstClass,Demorado
799,Emmaline,Ortiz,37000.000000,FR5678G,ExecutiveClass,En Horario
867,Emmanuel,Vázquez,30000.000000,FR5678G,EconomyClass,En Horario
730,Emmet,Jiménez,37000.000000,IB0800A,EconomyClass,Aterrizado
433,Emmit,Navarro,12000.000000,GU2345F,FirstClass,En Vuelo
278,Emory,Fernández,15000.000000,TU6789B,ExecutiveClass,Aterrizado
930,Emory,Aguilera,37000.000000,BR3456J,EconomyClass,Demorado
732,Enrica,Hernández,18000.000000,IB0800A,EconomyClass,Aterrizado
223,Enrico,Farías,50000.000000,TU6789B,FirstClass,Aterrizado
518,Erda,Tapia,37000.000000,GU2345F,EconomyClass,En Vuelo
473,Erek,González,10000.000000,GU2345F,ExecutiveClass,En Vuelo
696,Erhard,Zúñiga,33000.000000,HY4567D,EconomyClass,Demorado
184,Eric,Saavedra,50000.000000,MM0987B,ExecutiveClass,En Horario
562,Erica,Vargas,10000.000000,GU2345F,EconomyClass,En Vuelo
985,Erna,Romero,33000.000000,BA2491A,EconomyClass,Aterrizado
17,Ernesta,Araya,37000.000000,BA2491A,FirstClass,Aterrizado
309,Ernestus,Navarro,12000.000000,TU6789B,EconomyClass,Aterrizado
102,Ertha,Fernández,10000.000000,IB0800A,ExecutiveClass,Aterrizado
399,Esdras,Álvarez,37000.000000,MM0987B,ExecutiveClass,En Horario
967,Esme,Farías,37000.000000,BR3456J,EconomyClass,Demorado
125,Esteban,González,15000.000000,IB0800A,EconomyClass,Aterrizado
847,Estella,Rodríguez,42000.000000,FR5678G,EconomyClass,En Horario
874,Estella,Soto,20000.000000,FR5678G,EconomyClass,En Horario
648,Ethan,Vásquez,12000.000000,HY4567D,EconomyClass,Demorado
519,Ethe,Reyes,20000.000000,GU2345F,EconomyClass,En Vuelo
22,Eugene,Tapia,50000.000000,BA2491A,FirstClass,Aterrizado
853,Eve,Martín,12000.000000,FR5678G,EconomyClass,En Horario
527,Eveline,Ramírez,37000.000000,GU2345F,EconomyClass,En Vuelo
699,Evelyn,Lagos,10000.000000,HY4567D,EconomyClass,Demorado
613,Evin,Romero,12000.000000,HY4567D,ExecutiveClass,Demorado
733,Evvy,Díaz,42000.000000,IB0800A,EconomyClass,Aterrizado
923,Ezekiel,Ortiz,20000.000000,BR3456J,ExecutiveClass,Demorado
860,Fair,Muñoz,37000.000000,FR5678G,EconomyClass,En Horario
319,Fan,Escobar,18000.000000,BA2491A,EconomyClass,Aterrizado
192,Farand,Cáceres,42000.000000,MM0987B,ExecutiveClass,En Horario
169,Farley,Vera,12000.000000,IB0800A,EconomyClass,Aterrizado
787,Fayre,Miranda,18000.000000,FR5678G,ExecutiveClass,En Horario
436,Felicdad,Romero,18000.000000,GU2345F,FirstClass,En Vuelo
647,Felike,Álvarez,12000.000000,HY4567D,EconomyClass,Demorado
781,Felike,Jara,33000.000000,FR5678G,ExecutiveClass,En Horario
986,Ferd,Alonso,25000.000000,BA2491A,EconomyClass,Aterrizado
161,Ferdie,Jara,15000.000000,IB0800A,EconomyClass,Aterrizado
410,Fidelia,Vergara,12000.000000,TU6789B,EconomyClass,Aterrizado
612,Fidole,Muñoz,30000.000000,HY4567D,ExecutiveClass,Demorado
338,Filbert,Alvarado,20000.000000,TU6789B,EconomyClass,Aterrizado
656,Filmer,Núñez,50000.000000,HY4567D,EconomyClass,Demorado
718,Fina,Mendoza,42000.000000,IB0800A,EconomyClass,Aterrizado
889,Flo,Castillo,42000.000000,FR5678G,EconomyClass,En Horario
144,Flora,Valenzuela,33000.000000,IB0800A,EconomyClass,Aterrizado
680,Flore,Saavedra,30000.000000,HY4567D,EconomyClass,Demorado
789,Florella,Vera,25000.000000,FR5678G,ExecutiveClass,En Horario
342,Floria,Toro,12000.000000,TU6789B,EconomyClass,Aterrizado
575,Florida,Lagos,37000.000000,HY4567D,FirstClass,Demorado
957,Floyd,Sáez,15000.000000,MM0987B,EconomyClass,En Horario
126,Fonzie,Muñoz,15000.000000,IB0800A,EconomyClass,Aterrizado
380,Fran,Silva,30000.000000,BA2491A,EconomyClass,Aterrizado
313,Franchot,Aravena,12000.000000,TU6789B,EconomyClass,Aterrizado
785,Francine,Riquelme,42000.000000,FR5678G,ExecutiveClass,En Horario
371,Franni,Vázquez,42000.000000,TU6789B,EconomyClass,Aterrizado
31,Franny,Ramírez,15000.000000,IB0800A,FirstClass,Aterrizado
535,Frans,Rivera,33000.000000,BA2491A,EconomyClass,Aterrizado
895,Frasquito,Álvarez,15000.000000,FR5678G,EconomyClass,En Horario
411,Frayda,Rivera,30000.000000,TU6789B,EconomyClass,Aterrizado
805,Fred,Navarro,25000.000000,FR5678G,EconomyClass,En Horario
905,Freda,Jara,42000.000000,BR3456J,FirstClass,Demorado
114,Freddie,Moreno,12000.000000,IB0800A,ExecutiveClass,Aterrizado
497,Fredia,González,30000.000000,GU2345F,EconomyClass,En Vuelo
614,Fredia,Alonso,20000.000000,HY4567D,ExecutiveClass,Demorado
406,Fredric,Cortés,50000.000000,TU6789B,EconomyClass,Aterrizado
64,Gabbey,Romero,37000.000000,MM0987B,FirstClass,En Horario
894,Gabbie,Pizarro,42000.000000,FR5678G,EconomyClass,En Horario
501,Gabi,Pérez,30000.000000,GU2345F,EconomyClass,En Vuelo
897,Gabriell,Sánchez,10000.000000,FR5678G,EconomyClass,En Horario
394,Gaelan,Tapia,25000.000000,MM0987B,ExecutiveClass,En Horario
677,Galen,Salazar,50000.000000,HY4567D,EconomyClass,Demorado
761,Galvan,Araya,33000.000000,FR5678G,FirstClass,En Horario
438,Gardie,Vargas,12000.000000,GU2345F,FirstClass,En Vuelo
440,Garold,Cáceres,20000.000000,GU2345F,FirstClass,En Vuelo
551,Gauthier,Ortiz,12000.000000,GU2345F,EconomyClass,En Vuelo
107,Gaven,Pérez,10000.000000,MM0987B,ExecutiveClass,En Horario
29,Gaye,Sánchez,37000.000000,IB0800A,FirstClass,Aterrizado
385,Gayel,López,20000.000000,TU6789B,EconomyClass,Aterrizado
6,Gayle,Soto,30000.000000,MM0987B,FirstClass,En Horario
542,Gene,Molina,15000.000000,GU2345F,EconomyClass,En Vuelo
104,Geneva,López,33000.000000,MM0987B,ExecutiveClass,En Horario
981,Genevieve,Díaz,20000.000000,BA2491A,EconomyClass,Aterrizado
344,Genevra,Venegas,10000.000000,TU6789B,EconomyClass,Aterrizado
88,George,Navarrete,30000.000000,MM0987B,ExecutiveClass,En Horario
383,George,Morales,15000.000000,TU6789B,EconomyClass,Aterrizado
100,Georgeta,San Martín,10000.000000,IB0800A,ExecutiveClass,Aterrizado
852,Giacopo,Gómez,18000.000000,FR5678G,EconomyClass,En Horario
849,Gibb,Martínez,20000.000000,FR5678G,EconomyClass,En Horario
136,Gideon,Rodríguez,15000.000000,BA2491A,ExecutiveClass,Aterrizado
961,Ginnie,Bustamante,15000.000000,BR3456J,EconomyClass,Demorado
624,Giraud,Díaz,15000.000000,HY4567D,ExecutiveClass,Demorado
119,Glenda,Gutiérrez,37000.000000,MM0987B,ExecutiveClass,En Horario
290,Gordon,García,25000.000000,BA2491A,EconomyClass,Aterrizado
745,Gordon,González,12000.000000,FR5678G,FirstClass,En Horario
747,Graehme,Rojas,18000.000000,FR5678G,FirstClass,En Horario
843,Grant,Farías,33000.000000,FR5678G,EconomyClass,En Horario
595,Gray,Farías,42000.000000,HY4567D,FirstClass,Demorado
793,Grayce,Sandoval,33000.000000,FR5678G,ExecutiveClass,En Horario
498,Gretchen,Muñoz,12000.000000,GU2345F,EconomyClass,En Vuelo
920,Gretna,Olivares,42000.000000,BR3456J,ExecutiveClass,Demorado
582,Grier,Sanhueza,42000.000000,HY4567D,FirstClass,Demorado
89,Guenevere,Sáez,30000.000000,MM0987B,ExecutiveClass,En Horario
973,Guglielma,Martínez,15000.000000,IB0800A,EconomyClass,Aterrizado
933,Gui,Aravena,20000.000000,IB0800A,EconomyClass,Aterrizado
181,Guillaume,Salazar,37000.000000,MM0987B,ExecutiveClass,En Horario
887,Guillermo,Espinoza,42000.000000,FR5678G,EconomyClass,En Horario
147,Gustie,Reyes,42000.000000,IB0800A,EconomyClass,Aterrizado
256,Gusty,Silva,10000.000000,BA2491A,EconomyClass,Aterrizado
447,Guy,Salinas,42000.000000,GU2345F,ExecutiveClass,En Vuelo
709,Hagan,Sáez,50000.000000,HY4567D,EconomyClass,Demorado
115,Harmon,Álvarez,50000.000000,IB0800A,ExecutiveClass,Aterrizado
653,Harmonia,Gómez,12000.000000,HY4567D,EconomyClass,Demorado
794,Harv,Orellana,42000.000000,FR5678G,ExecutiveClass,En Horario
838,Hashim,Toro,50000.000000,FR5678G,EconomyClass,En Horario
928,Hayden,Saavedra,30000.000000,BR3456J,EconomyClass,Demorado
587,Hayes,Donoso,10000.000000,HY4567D,FirstClass,Demorado
351,Heddi,Rodríguez,20000.000000,TU6789B,EconomyClass,Aterrizado
488,Hedvige,Muñoz,37000.000000,GU2345F,EconomyClass,En Vuelo
546,Henrie,Orellana,50000.000000,GU2345F,EconomyClass,En Vuelo
8,Henrieta,Silva,30000.000000,IB0800A,FirstClass,Aterrizado
856,Henrieta,Hernández,30000.000000,FR5678G,EconomyClass,En Horario
974,Herrick,Sánchez,30000.000000,IB0800A,EconomyClass,Aterrizado
796,Hersh,Olivares,33000.000000,FR5678G,ExecutiveClass,En Horario
560,Hesther,Romero,15000.000000,GU2345F,EconomyClass,En Vuelo
589,Hesther,Bustamante,33000.000000,HY4567D,FirstClass,Demorado
622,Hestia,Muñoz,18000.000000,HY4567D,ExecutiveClass,Demorado
616,Hetti,Navarro,30000.000000,HY4567D,ExecutiveClass,Demorado
323,Hilary,Salinas,37000.000000,BA2491A,EconomyClass,Aterrizado
455,Hilly,Pino,30000.000000,GU2345F,ExecutiveClass,En Vuelo
235,Hiram,Ruiz,20000.000000,BA2491A,EconomyClass,Aterrizado
862,Holden,Alonso,50000.000000,FR5678G,EconomyClass,En Horario
57,Homer,Salazar,18000.000000,MM0987B,FirstClass,En Horario
526,Homer,Fernández,10000.000000,GU2345F,EconomyClass,En Vuelo
360,Honor,Hernández,30000.000000,TU6789B,EconomyClass,Aterrizado
585,Horatius,Sáez,18000.000000,HY4567D,FirstClass,Demorado
599,Howard,Rodríguez,18000.000000,HY4567D,FirstClass,Demorado
650,Hugo,Fernández,30000.000000,HY4567D,EconomyClass,Demorado
377,Hussein,Pérez,25000.000000,BA2491A,EconomyClass,Aterrizado
717,Hyacinthia,Guerrero,25000.000000,IB0800A,EconomyClass,Aterrizado
53,Hyacinthie,Alarcón,15000.000000,MM0987B,FirstClass,En Horario
818,Hyatt,Vidal,20000.000000,FR5678G,EconomyClass,En Horario
186,Ian,Aguilera,42000.000000,MM0987B,ExecutiveClass,En Horario
615,Idalina,Gutiérrez,50000.000000,HY4567D,ExecutiveClass,Demorado
675,Immanuel,Ortiz,33000.000000,HY4567D,EconomyClass,Demorado
778,Ingmar,Cortés,18000.000000,FR5678G,ExecutiveClass,En Horario
370,Ingrim,Domínguez,30000.000000,TU6789B,EconomyClass,Aterrizado
396,Iorgos,Gutiérrez,18000.000000,MM0987B,ExecutiveClass,En Horario
510,Irena,Fuentes,20000.000000,MM0987B,EconomyClass,En Horario
842,Irv,Mendoza,15000.000000,FR5678G,EconomyClass,En Horario
944,Isabeau,Zúñiga,37000.000000,BA2491A,EconomyClass,Aterrizado
356,Isabelle,Gómez,20000.000000,TU6789B,EconomyClass,Aterrizado
597,Isabelle,González,20000.000000,HY4567D,FirstClass,Demorado
334,Isak,Sanhueza,20000.000000,TU6789B,EconomyClass,Aterrizado
16,Iver,Torres,12000.000000,BA2491A,FirstClass,Aterrizado
631,Ivonne,Morales,20000.000000,HY4567D,ExecutiveClass,Demorado
305,Jacinda,Salazar,50000.000000,TU6789B,EconomyClass,Aterrizado
98,Jacquelin,Mendoza,30000.000000,IB0800A,ExecutiveClass,Aterrizado
671,Jacqueline,Cárdenas,50000.000000,HY4567D,EconomyClass,Demorado
885,Jan,Araya,18000.000000,FR5678G,EconomyClass,En Horario
346,Janeta,Mendoza,10000.000000,TU6789B,EconomyClass,Aterrizado
524,Janey,Vásquez,42000.000000,GU2345F,EconomyClass,En Vuelo
801,Janine,Salazar,50000.000000,FR5678G,ExecutiveClass,En Horario
683,Jaquenette,Parra,25000.000000,HY4567D,EconomyClass,Demorado
998,Jaye,Gutiérrez,25000.000000,MM0987B,EconomyClass,En Horario
9,Jeanine,Martínez,18000.000000,MM0987B,FirstClass,En Horario
348,Jefferey,San Martín,33000.000000,TU6789B,EconomyClass,Aterrizado
822,Jefferey,Godoy,10000.000000,FR5678G,EconomyClass,En Horario
35,Jehanna,Herrera,50000.000000,BA2491A,FirstClass,Aterrizado
228,Jeniece,López,15000.000000,TU6789B,FirstClass,Aterrizado
143,Jenna,Espinoza,25000.000000,IB0800A,EconomyClass,Aterrizado
251,Jenna,Rojas,30000.000000,TU6789B,ExecutiveClass,Aterrizado
720,Jennie,San Martín,42000.000000,IB0800A,EconomyClass,Aterrizado
422,Jennifer,Orellana,15000.000000,GU2345F,FirstClass,En Vuelo
765,Jenny,Castillo,33000.000000,FR5678G,ExecutiveClass,En Horario
792,Jermayne,Campos,33000.000000,FR5678G,ExecutiveClass,En Horario
714,Jerrylee,Toro,10000.000000,HY4567D,EconomyClass,Demorado
559,Jessamine,Parra,18000.000000,GU2345F,EconomyClass,En Vuelo
249,Jessee,González,30000.000000,TU6789B,ExecutiveClass,Aterrizado
80,Jesselyn,Maldonado,30000.000000,IB0800A,ExecutiveClass,Aterrizado
204,Jillana,Maldonado,18000.000000,BA2491A,EconomyClass,Aterrizado
935,Jillane,Vázquez,37000.000000,IB0800A,EconomyClass,Aterrizado
722,Joannes,Fernández,10000.000000,IB0800A,EconomyClass,Aterrizado
286,Jodi,Vergara,30000.000000,BA2491A,EconomyClass,Aterrizado
299,Jody,Cárdenas,33000.000000,TU6789B,EconomyClass,Aterrizado
87,Joelle,Carvajal,37000.000000,MM0987B,FirstClass,En Horario
343,Johannes,Ortega,18000.000000,TU6789B,EconomyClass,Aterrizado
113,Johnathon,Díaz,15000.000000,IB0800A,ExecutiveClass,Aterrizado
137,Johnette,López,10000.000000,BA2491A,ExecutiveClass,Aterrizado
23,Johnny,Reyes,33000.000000,MM0987B,FirstClass,En Horario
726,Jonathon,Sánchez,50000.000000,IB0800A,EconomyClass,Aterrizado
425,Jordan,Alarcón,33000.000000,GU2345F,FirstClass,En Vuelo
257,Jori,Martínez,12000.000000,BA2491A,EconomyClass,Aterrizado
940,Josefina,Ruiz,30000.000000,IB0800A,EconomyClass,Aterrizado
632,Josepha,Rodríguez,20000.000000,HY4567D,EconomyClass,Demorado
493,Joshia,Torres,33000.000000,GU2345F,EconomyClass,En Vuelo
608,Joshia,Hernández,25000.000000,HY4567D,ExecutiveClass,Demorado
880,Josi,Rodríguez,18000.000000,FR5678G,EconomyClass,En Horario
983,Josi,Álvarez,12000.000000,BA2491A,EconomyClass,Aterrizado
261,Josiah,López,10000.000000,TU6789B,ExecutiveClass,Aterrizado
549,Josiah,Alarcón,12000.000000,GU2345F,EconomyClass,En Vuelo
904,Josiah,Núñez,12000.000000,BR3456J,FirstClass,Demorado
903,Judas,Herrera,10000.000000,BR3456J,FirstClass,Demorado
751,Jude,Contreras,12000.000000,FR5678G,FirstClass,En Horario
773,Juliana,Sánchez,50000.000000,FR5678G,ExecutiveClass,En Horario
387,Juliann,Hernández,50000.000000,TU6789B,EconomyClass,Aterrizado
449,Julietta,Peña,42000.000000,GU2345F,ExecutiveClass,En Vuelo
54,Julina,Gallardo,33000.000000,MM0987B,FirstClass,En Horario
364,Junie,Muñoz,20000.000000,TU6789B,EconomyClass,Aterrizado
695,Justino,Salinas,18000.000000,HY4567D,EconomyClass,Demorado
735,Kaia,Álvarez,25000.000000,IB0800A,EconomyClass,Aterrizado
219,Kaile,Ortega,33000.000000,TU6789B,FirstClass,Aterrizado
756,Kaitlynn,Rodríguez,15000.000000,FR5678G,FirstClass,En Horario
719,Kamila,Farías,42000.000000,IB0800A,EconomyClass,Aterrizado
459,Karen,Carvajal,20000.000000,GU2345F,ExecutiveClass,En Vuelo
504,Karie,Silva,25000.000000,GU2345F,EconomyClass,En Vuelo
26,Karim,Pizarro,25000.000000,MM0987B,FirstClass,En Horario
252,Karlotte,Díaz,20000.000000,BA2491A,EconomyClass,Aterrizado
966,Karon,Mendoza,10000.000000,BR3456J,EconomyClass,Demorado
458,Kassi,Sanhueza,37000.000000,GU2345F,ExecutiveClass,En Vuelo
32,Katey,Carrasco,42000.000000,MM0987B,FirstClass,En Horario
668,Katina,Campos,20000.000000,HY4567D,EconomyClass,Demorado
888,Katlin,Valenzuela,25000.000000,FR5678G,EconomyClass,En Horario
72,Katrine,Ruiz,25000.000000,IB0800A,FirstClass,Aterrizado
423,Keelby,Cárdenas,15000.000000,GU2345F,FirstClass,En Vuelo
836,Keene,Poblete,25000.000000,FR5678G,EconomyClass,En Horario
563,Keith,Vázquez,10000.000000,GU2345F,EconomyClass,En Vuelo
737,Keith,Romero,20000.000000,FR5678G,FirstClass,En Horario
428,Kelly,Garrido,37000.000000,GU2345F,FirstClass,En Vuelo
468,Kendell,Venegas,25000.000000,GU2345F,ExecutiveClass,En Vuelo
82,Kendre,Medina,25000.000000,IB0800A,ExecutiveClass,Aterrizado
881,Kenna,López,25000.000000,FR5678G,EconomyClass,En Horario
667,Kennan,Vega,12000.000000,HY4567D,EconomyClass,Demorado
757,Kerianne,López,37000.000000,FR5678G,FirstClass,En Horario
791,Ki,Vega,42000.000000,FR5678G,ExecutiveClass,En Horario
898,Ki,Fernández,30000.000000,BR3456J,FirstClass,Demorado
277,Kiel,Sánchez,50000.000000,TU6789B,ExecutiveClass,Aterrizado
105,Kilian,Martínez,42000.000000,MM0987B,ExecutiveClass,En Horario
4,Kimbell,Díaz,50000.000000,BA2491A,FirstClass,Aterrizado
7,Kimberlee,Contreras,33000.000000,BA2491A,FirstClass,Aterrizado
946,Kimberley,Godoy,18000.000000,BR3456J,EconomyClass,Demorado
159,Kipp,Herrera,15000.000000,IB0800A,EconomyClass,Aterrizado
617,Kirk,Torres,30000.000000,HY4567D,ExecutiveClass,Demorado
965,Kirstin,Guerrero,12000.000000,BR3456J,EconomyClass,Demorado
728,Klara,Gómez,50000.000000,IB0800A,EconomyClass,Aterrizado
366,Klarrisa,Alonso,18000.000000,TU6789B,EconomyClass,Aterrizado
280,Koenraad,Carrasco,20000.000000,TU6789B,ExecutiveClass,Aterrizado
454,Korella,Medina,33000.000000,GU2345F,ExecutiveClass,En Vuelo
60,Kori,Saavedra,50000.000000,MM0987B,FirstClass,En Horario
691,Krishna,Escobar,50000.000000,HY4567D,EconomyClass,Demorado
690,Krystyna,Leiva,50000.000000,HY4567D,EconomyClass,Demorado
354,Kurtis,Sánchez,50000.000000,TU6789B,EconomyClass,Aterrizado
81,Kylila,Bustos,12000.000000,IB0800A,ExecutiveClass,Aterrizado
484,Kym,Hernández,20000.000000,GU2345F,EconomyClass,En Vuelo
95,Kyrstin,Ortega,37000.000000,IB0800A,ExecutiveClass,Aterrizado
953,Lacey,Moreno,50000.000000,MM0987B,EconomyClass,En Horario
954,Laetitia,Sanhueza,33000.000000,MM0987B,EconomyClass,En Horario
673,Lambert,Alarcón,42000.000000,HY4567D,EconomyClass,Demorado
674,Lamont,Gallardo,33000.000000,HY4567D,EconomyClass,Demorado
271,Larina,Reyes,18000.000000,TU6789B,ExecutiveClass,Aterrizado
782,Laughton,Vergara,15000.000000,FR5678G,ExecutiveClass,En Horario
803,Lazaro,Henríquez,10000.000000,FR5678G,ExecutiveClass,En Horario
238,Leeanne,Moreno,15000.000000,TU6789B,FirstClass,Aterrizado
456,Leeanne,Palma,10000.000000,GU2345F,ExecutiveClass,En Vuelo
439,Leelah,Vázquez,25000.000000,GU2345F,FirstClass,En Vuelo
815,Lefty,Escobar,50000.000000,FR5678G,EconomyClass,En Horario
296,Leigh,Campos,37000.000000,TU6789B,ExecutiveClass,Aterrizado
566,Lemmie,Leiva,18000.000000,GU2345F,EconomyClass,En Vuelo
149,Lena,Castro,25000.000000,IB0800A,EconomyClass,Aterrizado
312,Lenci,Romero,42000.000000,TU6789B,EconomyClass,Aterrizado
448,Lenora,Zúñiga,18000.000000,GU2345F,ExecutiveClass,En Vuelo
909,Leo,Riquelme,42000.000000,MM0987B,EconomyClass,En Horario
160,Leonie,Núñez,50000.000000,IB0800A,EconomyClass,Aterrizado
83,Lesya,Pino,15000.000000,IB0800A,ExecutiveClass,Aterrizado
776,Letta,Carrasco,10000.000000,FR5678G,ExecutiveClass,En Horario
854,Levon,Jiménez,25000.000000,FR5678G,EconomyClass,En Horario
706,Lia,Sanhueza,20000.000000,HY4567D,EconomyClass,Demorado
230,Liana,Sánchez,33000.000000,TU6789B,FirstClass,Aterrizado
464,Liana,Poblete,15000.000000,GU2345F,ExecutiveClass,En Vuelo
58,Lianna,Guzmán,12000.000000,MM0987B,FirstClass,En Horario
979,Libbey,Ruiz,42000.000000,BA2491A,EconomyClass,Aterrizado
508,Lin,Rodríguez,12000.000000,MM0987B,EconomyClass,En Horario
326,Lina,Godoy,12000.000000,TU6789B,EconomyClass,Aterrizado
122,Linda,Domínguez,30000.000000,IB0800A,ExecutiveClass,Aterrizado
481,Lionello,Martín,37000.000000,GU2345F,EconomyClass,En Vuelo
337,Lira,Sáez,30000.000000,TU6789B,EconomyClass,Aterrizado
620,Lissy,Ramos,37000.000000,HY4567D,ExecutiveClass,Demorado
395,Livy,Reyes,20000.000000,MM0987B,ExecutiveClass,En Horario
168,Lodovico,Bravo,18000.000000,IB0800A,EconomyClass,Aterrizado
884,Lona,Torres,30000.000000,FR5678G,EconomyClass,En Horario
950,Lonna,Medina,10000.000000,BR3456J,EconomyClass,Demorado
46,Lonnard,Molina,50000.000000,IB0800A,FirstClass,Aterrizado
92,Lonni,Poblete,50000.000000,MM0987B,ExecutiveClass,En Horario
175,Lorant,Cárdenas,50000.000000,MM0987B,ExecutiveClass,En Horario
120,Lorettalorna,Navarro,25000.000000,MM0987B,ExecutiveClass,En Horario
943,Loria,Salinas,25000.000000,IB0800A,EconomyClass,Aterrizado
795,Lorianna,Cárdenas,15000.000000,FR5678G,ExecutiveClass,En Horario
513,Lorna,Araya,42000.000000,MM0987B,EconomyClass,En Horario
420,Lothaire,Campos,12000.000000,TU6789B,EconomyClass,Aterrizado
506,Lothaire,Sepúlveda,20000.000000,GU2345F,EconomyClass,En Vuelo
182,Loutitia,Guzmán,25000.000000,MM0987B,ExecutiveClass,En Horario
63,Loy,Parra,15000.000000,MM0987B,FirstClass,En Horario
554,Lucais,Guzmán,42000.000000,GU2345F,EconomyClass,En Vuelo
762,Lucienne,Flores,25000.000000,FR5678G,FirstClass,En Horario
715,Lucky,Ortega,42000.000000,IB0800A,EconomyClass,Aterrizado
917,Luis,Sandoval,12000.000000,MM0987B,EconomyClass,En Horario
607,Lydia,Ruiz,15000.000000,HY4567D,ExecutiveClass,Demorado
619,Lyndsay,Vázquez,42000.000000,HY4567D,ExecutiveClass,Demorado
630,Lyndy,Sepúlveda,37000.000000,HY4567D,ExecutiveClass,Demorado
179,Lynea,Ortiz,20000.000000,MM0987B,ExecutiveClass,En Horario
553,Lynett,Salazar,37000.000000,GU2345F,EconomyClass,En Vuelo
906,Lynn,Vergara,37000.000000,BR3456J,ExecutiveClass,Demorado
588,Lynnette,Poblete,37000.000000,HY4567D,FirstClass,Demorado
548,Mab,Olivares,25000.000000,GU2345F,EconomyClass,En Vuelo
460,Mac,Navarrete,20000.000000,GU2345F,ExecutiveClass,En Vuelo
877,Mac,Martínez,25000.000000,FR5678G,EconomyClass,En Horario
629,Mace,Martínez,18000.000000,HY4567D,ExecutiveClass,Demorado
207,Maddie,Pino,33000.000000,TU6789B,FirstClass,Aterrizado
628,Maddy,Silva,25000.000000,HY4567D,ExecutiveClass,Demorado
655,Maddy,Herrera,25000.000000,HY4567D,EconomyClass,Demorado
890,Madel,Tapia,12000.000000,FR5678G,EconomyClass,En Horario
872,Madonna,Díaz,10000.000000,FR5678G,EconomyClass,En Horario
820,Mag,Zúñiga,12000.000000,FR5678G,EconomyClass,En Horario
641,Maia,Castillo,10000.000000,HY4567D,EconomyClass,Demorado
189,Maible,Aravena,18000.000000,MM0987B,ExecutiveClass,En Horario
350,Maiga,Fernández,20000.000000,TU6789B,EconomyClass,Aterrizado
644,Malachi,Gutiérrez,25000.000000,HY4567D,EconomyClass,Demorado
205,Mallorie,Bustos,30000.000000,TU6789B,FirstClass,Aterrizado
869,Malory,González,42000.000000,FR5678G,EconomyClass,En Horario
97,Marcellus,Guerrero,50000.000000,IB0800A,ExecutiveClass,Aterrizado
185,Marcellus,Navarro,30000.000000,MM0987B,ExecutiveClass,En Horario
211,Marcile,Carvajal,30000.000000,TU6789B,FirstClass,Aterrizado
101,Marcille,González,10000.000000,IB0800A,ExecutiveClass,Aterrizado
451,Margalit,Lagos,15000.000000,GU2345F,ExecutiveClass,En Vuelo
44,Margarete,Bravo,50000.000000,BA2491A,ExecutiveClass,Aterrizado
90,Margaretha,Alvarado,10000.000000,MM0987B,ExecutiveClass,En Horario
543,Margeaux,Vega,18000.000000,GU2345F,EconomyClass,En Vuelo
784,Marianne,Figueroa,33000.000000,FR5678G,ExecutiveClass,En Horario
352,Marieann,López,50000.000000,TU6789B,EconomyClass,Aterrizado
477,Mariele,Martínez,33000.000000,GU2345F,EconomyClass,En Vuelo
222,Marina,Mendoza,12000.000000,TU6789B,FirstClass,Aterrizado
51,Marion,Cárdenas,50000.000000,IB0800A,FirstClass,Aterrizado
480,Marissa,Gómez,37000.000000,GU2345F,EconomyClass,En Vuelo
547,Marj,Cárdenas,18000.000000,GU2345F,EconomyClass,En Vuelo
511,Markos,Hernández,20000.000000,MM0987B,EconomyClass,En Horario
231,Marmaduke,Pérez,10000.000000,BA2491A,EconomyClass,Aterrizado
462,Marsiella,Alvarado,20000.000000,GU2345F,ExecutiveClass,En Vuelo
899,Martelle,Ramírez,15000.000000,BR3456J,FirstClass,Demorado
505,Martguerita,Martínez,50000.000000,GU2345F,EconomyClass,En Vuelo
96,Martino,Venegas,15000.000000,IB0800A,ExecutiveClass,Aterrizado
947,Martyn,Lagos,25000.000000,BR3456J,EconomyClass,Demorado
367,Maryellen,Gutiérrez,37000.000000,TU6789B,EconomyClass,Aterrizado
157,Maryjo,Gómez,12000.000000,IB0800A,EconomyClass,Aterrizado
639,Marylee,Espinoza,50000.000000,HY4567D,EconomyClass,Demorado
62,Marysa,Aguilera,20000.000000,MM0987B,FirstClass,En Horario
712,Matelda,Poblete,18000.000000,HY4567D,EconomyClass,Demorado
550,Mathe,Gallardo,12000.000000,GU2345F,EconomyClass,En Vuelo
328,Matias,Maldonado,33000.000000,TU6789B,EconomyClass,Aterrizado
911,Maurie,Miranda,50000.000000,MM0987B,EconomyClass,En Horario
531,Maxi,Herrera,37000.000000,GU2345F,EconomyClass,En Vuelo
995,Maxi,Muñoz,18000.000000,MM0987B,EconomyClass,En Horario
812,Maxy,Cáceres,15000.000000,FR5678G,EconomyClass,En Horario
248,Maynard,Ramos,18000.000000,TU6789B,ExecutiveClass,Aterrizado
325,Maynord,Peña,42000.000000,BA2491A,EconomyClass,Aterrizado
15,Megen,Hernández,10000.000000,BA2491A,FirstClass,Aterrizado
262,Melisa,Fuentes,12000.000000,TU6789B,ExecutiveClass,Aterrizado
485,Melisse,Díaz,10000.000000,GU2345F,EconomyClass,En Vuelo
178,Mellicent,Gallardo,50000.000000,MM0987B,ExecutiveClass,En Horario
340,Melloney,Poblete,33000.000000,TU6789B,EconomyClass,Aterrizado
929,Melody,Navarro,20000.000000,BR3456J,EconomyClass,Demorado
744,Melonie,Ramos,33000.000000,FR5678G,FirstClass,En Horario
779,Melva,Herrera,42000.000000,FR5678G,ExecutiveClass,En Horario
626,Menard,Soto,37000.000000,HY4567D,ExecutiveClass,Demorado
971,Mercedes,Rodríguez,12000.000000,IB0800A,EconomyClass,Aterrizado
824,Mercie,Maldonado,42000.000000,FR5678G,EconomyClass,En Horario
638,Merissa,Flores,25000.000000,HY4567D,EconomyClass,Demorado
708,Merle,Navarrete,10000.000000,HY4567D,EconomyClass,Demorado
259,Merrile,Morales,50000.000000,BA2491A,EconomyClass,Aterrizado
151,Meryl,Álvarez,12000.000000,IB0800A,EconomyClass,Aterrizado
483,Micheil,Ruiz,37000.000000,GU2345F,EconomyClass,En Vuelo
816,Michele,Ruiz,42000.000000,FR5678G,EconomyClass,En Horario
407,Mikael,Herrera,50000.000000,TU6789B,EconomyClass,Aterrizado
663,Millie,Miranda,15000.000000,HY4567D,EconomyClass,Demorado
605,Minda,Martín,15000.000000,HY4567D,ExecutiveClass,Demorado
426,Minnnie,Gallardo,20000.000000,GU2345F,FirstClass,En Vuelo
492,Minny,Navarro,33000.000000,GU2345F,EconomyClass,En Vuelo
494,Mirilla,Domínguez,30000.000000,GU2345F,EconomyClass,En Vuelo
748,Mitchael,Díaz,33000.000000,FR5678G,FirstClass,En Horario
568,Modesta,Ruiz,33000.000000,GU2345F,EconomyClass,En Vuelo
987,Mohammed,Gutiérrez,42000.000000,BA2491A,EconomyClass,Aterrizado
414,Morie,García,12000.000000,TU6789B,EconomyClass,Aterrizado
254,Morris,Soto,10000.000000,BA2491A,EconomyClass,Aterrizado
78,Morse,Godoy,25000.000000,IB0800A,ExecutiveClass,Aterrizado
530,Mort,Cortés,42000.000000,GU2345F,EconomyClass,En Vuelo
220,Mozes,Venegas,25000.000000,TU6789B,FirstClass,Aterrizado
94,My,Toro,18000.000000,MM0987B,ExecutiveClass,En Horario
76,Nananne,Zúñiga,33000.000000,IB0800A,ExecutiveClass,Aterrizado
106,Nance,Sánchez,10000.000000,MM0987B,ExecutiveClass,En Horario
759,Nanete,Hernández,37000.000000,FR5678G,FirstClass,En Horario
676,Nani,Garrido,50000.000000,HY4567D,EconomyClass,Demorado
375,Nanni,Rojas,25000.000000,BA2491A,EconomyClass,Aterrizado
664,Natassia,Bravo,42000.000000,HY4567D,EconomyClass,Demorado
532,Nathalie,Núñez,37000.000000,GU2345F,EconomyClass,En Vuelo
365,Neely,Romero,20000.000000,TU6789B,EconomyClass,Aterrizado
421,Neila,Sandoval,15000.000000,TU6789B,EconomyClass,Aterrizado
363,Neilla,Álvarez,50000.000000,TU6789B,EconomyClass,Aterrizado
643,Neron,Reyes,42000.000000,HY4567D,EconomyClass,Demorado
327,Nerty,Lagos,20000.000000,TU6789B,EconomyClass,Aterrizado
180,Nial,Garrido,15000.000000,MM0987B,ExecutiveClass,En Horario
93,Nicky,Bustamante,42000.000000,MM0987B,ExecutiveClass,En Horario
627,Nicola,Contreras,12000.000000,HY4567D,ExecutiveClass,Demorado
214,Nicolina,Alvarado,30000.000000,TU6789B,FirstClass,Aterrizado
710,Nikolaus,Alvarado,30000.000000,HY4567D,EconomyClass,Demorado
45,Nikoletta,Vera,50000.000000,MM0987B,FirstClass,En Horario
216,Nikoletta,Poblete,12000.000000,TU6789B,FirstClass,Aterrizado
678,Nilson,Guzmán,10000.000000,HY4567D,EconomyClass,Demorado
941,Nina,Valdés,25000.000000,IB0800A,EconomyClass,Aterrizado
357,Nisse,Martín,37000.000000,TU6789B,EconomyClass,Aterrizado
215,Nita,Donoso,12000.000000,TU6789B,FirstClass,Aterrizado
970,Noach,Fernández,12000.000000,IB0800A,EconomyClass,Aterrizado
48,Noella,Campos,15000.000000,IB0800A,FirstClass,Aterrizado
790,Noll,Molina,30000.000000,FR5678G,ExecutiveClass,En Horario
339,Nona,Donoso,30000.000000,TU6789B,EconomyClass,Aterrizado
384,Nonnah,Rodríguez,25000.000000,TU6789B,EconomyClass,Aterrizado
828,Norbert,Palma,20000.000000,FR5678G,EconomyClass,En Horario
253,Norene,Pérez,25000.000000,BA2491A,EconomyClass,Aterrizado
814,Obadiah,Leiva,12000.000000,FR5678G,EconomyClass,En Horario
809,Obadias,Aravena,10000.000000,FR5678G,EconomyClass,En Horario
896,Oberon,Vásquez,15000.000000,FR5678G,EconomyClass,En Horario
833,Oby,Sáez,12000.000000,FR5678G,EconomyClass,En Horario
621,Odessa,González,50000.000000,HY4567D,ExecutiveClass,Demorado
201,Odey,Peña,20000.000000,BA2491A,EconomyClass,Aterrizado
921,Odie,Alarcón,20000.000000,BR3456J,ExecutiveClass,Demorado
287,Ofelia,Rivera,30000.000000,BA2491A,EconomyClass,Aterrizado
162,Ofella,Vergara,50000.000000,IB0800A,EconomyClass,Aterrizado
832,Olivier,Navarrete,20000.000000,FR5678G,EconomyClass,En Horario
130,Omero,Soto,10000.000000,BA2491A,ExecutiveClass,Aterrizado
858,Ophelie,Moreno,37000.000000,FR5678G,EconomyClass,En Horario
839,Oralia,Ortega,10000.000000,FR5678G,EconomyClass,En Horario
263,Orelee,Hernández,20000.000000,TU6789B,ExecutiveClass,Aterrizado
912,Oren,Bravo,20000.000000,MM0987B,EconomyClass,En Horario
924,Orlan,Garrido,25000.000000,BR3456J,ExecutiveClass,Demorado
618,Orson,Domínguez,25000.000000,HY4567D,ExecutiveClass,Demorado
155,Osbert,Ramírez,42000.000000,IB0800A,EconomyClass,Aterrizado
283,Osbert,Herrera,15000.000000,TU6789B,ExecutiveClass,Aterrizado
729,Osbert,Martín,33000.000000,IB0800A,EconomyClass,Aterrizado
196,Otho,Ruiz,20000.000000,BA2491A,ExecutiveClass,Aterrizado
445,Ozzie,Valdés,20000.000000,GU2345F,ExecutiveClass,En Vuelo
698,Paddie,Godoy,33000.000000,HY4567D,EconomyClass,Demorado
743,Pancho,Vázquez,18000.000000,FR5678G,FirstClass,En Horario
19,Park,Espinoza,30000.000000,MM0987B,FirstClass,En Horario
163,Pascale,Rivera,15000.000000,IB0800A,EconomyClass,Aterrizado
507,Patrice,Morales,37000.000000,GU2345F,EconomyClass,En Vuelo
121,Patrizio,Torres,15000.000000,IB0800A,ExecutiveClass,Aterrizado
503,Patton,Contreras,15000.000000,GU2345F,EconomyClass,En Vuelo
69,Paulita,Yáñez,50000.000000,IB0800A,FirstClass,Aterrizado
704,Pauly,Palma,30000.000000,HY4567D,EconomyClass,Demorado
611,Pearla,Álvarez,20000.000000,HY4567D,ExecutiveClass,Demorado
870,Pearla,Muñoz,33000.000000,FR5678G,EconomyClass,En Horario
984,Pebrook,Muñoz,33000.000000,BA2491A,EconomyClass,Aterrizado
124,Pen,Ramos,18000.000000,IB0800A,EconomyClass,Aterrizado
516,Pernell,Valenzuela,50000.000000,GU2345F,EconomyClass,En Vuelo
233,Peter,Martín,12000.000000,BA2491A,EconomyClass,Aterrizado
111,Petey,Ruiz,15000.000000,IB0800A,ExecutiveClass,Aterrizado
707,Petronille,Carvajal,42000.000000,HY4567D,EconomyClass,Demorado
871,Phelia,Rojas,33000.000000,FR5678G,EconomyClass,En Horario
194,Philipa,Leiva,42000.000000,TU6789B,FirstClass,Aterrizado
574,Phillipe,Godoy,37000.000000,GU2345F,EconomyClass,En Vuelo
861,Pietrek,Romero,25000.000000,FR5678G,EconomyClass,En Horario
234,Pietro,Jiménez,18000.000000,BA2491A,EconomyClass,Aterrizado
430,Pincus,Guzmán,42000.000000,GU2345F,FirstClass,En Vuelo
123,Pippa,Vázquez,20000.000000,IB0800A,ExecutiveClass,Aterrizado
771,Portia,Álvarez,33000.000000,FR5678G,ExecutiveClass,En Horario
453,Portie,Bustos,15000.000000,GU2345F,ExecutiveClass,En Vuelo
174,Prentiss,Orellana,30000.000000,IB0800A,EconomyClass,Aterrizado
400,Prince,Vásquez,25000.000000,MM0987B,EconomyClass,En Horario
544,Prisca,Campos,18000.000000,GU2345F,EconomyClass,En Vuelo
402,Rachel,Fernández,12000.000000,MM0987B,EconomyClass,En Horario
281,Rafaellle,Gómez,50000.000000,TU6789B,ExecutiveClass,Aterrizado
341,Rafaello,Bustamante,37000.000000,TU6789B,EconomyClass,Aterrizado
47,Raine,Vega,30000.000000,IB0800A,FirstClass,Aterrizado
878,Ralf,Sepúlveda,12000.000000,FR5678G,EconomyClass,En Horario
471,Ramsay,Farías,20000.000000,GU2345F,ExecutiveClass,En Vuelo
335,Rand,Carvajal,20000.000000,TU6789B,EconomyClass,Aterrizado
937,Randy,Yáñez,15000.000000,IB0800A,EconomyClass,Aterrizado
994,Raquela,Álvarez,12000.000000,MM0987B,EconomyClass,En Horario
848,Rasia,López,37000.000000,FR5678G,EconomyClass,En Horario
24,Reagen,Gutiérrez,42000.000000,MM0987B,FirstClass,En Horario
34,Redd,Cortés,42000.000000,BA2491A,FirstClass,Aterrizado
777,Ree,Gómez,42000.000000,FR5678G,ExecutiveClass,En Horario
441,Regine,Yáñez,10000.000000,GU2345F,FirstClass,En Vuelo
307,Renie,Henríquez,33000.000000,TU6789B,EconomyClass,Aterrizado
570,Retha,Vidal,15000.000000,GU2345F,EconomyClass,En Vuelo
900,Riccardo,Carrasco,42000.000000,BR3456J,FirstClass,Demorado
322,Richard,Vidal,42000.000000,BA2491A,EconomyClass,Aterrizado
727,Rickie,Pérez,42000.000000,IB0800A,EconomyClass,Aterrizado
702,Rikki,Medina,12000.000000,HY4567D,EconomyClass,Demorado
446,Rina,Vidal,20000.000000,GU2345F,ExecutiveClass,En Vuelo
882,Rina,Fuentes,25000.000000,FR5678G,EconomyClass,En Horario
721,Riobard,González,42000.000000,IB0800A,EconomyClass,Aterrizado
177,Robbi,Alarcón,10000.000000,MM0987B,ExecutiveClass,En Horario
697,Robbie,Peña,30000.000000,HY4567D,EconomyClass,Demorado
927,Robinia,Henríquez,10000.000000,BR3456J,EconomyClass,Demorado
819,Roch,Salinas,33000.000000,FR5678G,EconomyClass,En Horario
470,Rod,Mendoza,50000.000000,GU2345F,ExecutiveClass,En Vuelo
38,Roda,Vergara,25000.000000,MM0987B,FirstClass,En Horario
195,Roderigo,Escobar,20000.000000,BA2491A,ExecutiveClass,Aterrizado
79,Roland,Lagos,25000.000000,IB0800A,ExecutiveClass,Aterrizado
218,Romola,Toro,50000.000000,TU6789B,FirstClass,Aterrizado
302,Ron,Gallardo,20000.000000,TU6789B,EconomyClass,Aterrizado
487,Rorie,Álvarez,25000.000000,GU2345F,EconomyClass,En Vuelo
637,Rosalia,Araya,18000.000000,HY4567D,EconomyClass,Demorado
686,Rosalyn,Vargas,37000.000000,HY4567D,EconomyClass,Demorado
330,Rosemarie,Medina,33000.000000,TU6789B,EconomyClass,Aterrizado
746,Rosemarie,Muñoz,10000.000000,FR5678G,FirstClass,En Horario
713,Roslyn,Bustamante,25000.000000,HY4567D,EconomyClass,Demorado
764,Roslyn,Valenzuela,10000.000000,FR5678G,FirstClass,En Horario
866,Rubi,Domínguez,18000.000000,FR5678G,EconomyClass,En Horario
293,Russell,Vera,50000.000000,BA2491A,EconomyClass,Aterrizado
183,Ruthe,Henríquez,30000.000000,MM0987B,ExecutiveClass,En Horario
565,Rutherford,Yáñez,15000.000000,GU2345F,EconomyClass,En Vuelo
649,Ruthy,Sánchez,20000.000000,HY4567D,EconomyClass,Demorado
77,Sacha,Peña,25000.000000,IB0800A,ExecutiveClass,Aterrizado
472,Saidee,San Martín,50000.000000,GU2345F,ExecutiveClass,En Vuelo
1000,Saleem,Torres,20000.000000,MM0987B,EconomyClass,En Horario
474,Salomi,Fernández,10000.000000,GU2345F,ExecutiveClass,En Vuelo
452,Samara,Maldonado,50000.000000,GU2345F,ExecutiveClass,En Vuelo
645,Sarajane,Castro,10000.000000,HY4567D,EconomyClass,Demorado
561,Sasha,Aravena,15000.000000,GU2345F,EconomyClass,En Vuelo
916,Saunder,Campos,37000.000000,MM0987B,EconomyClass,En Horario
540,Saunders,Bravo,25000.000000,BA2491A,EconomyClass,Aterrizado
875,Saw,Contreras,15000.000000,FR5678G,EconomyClass,En Horario
70,Sayre,Leiva,33000.000000,IB0800A,FirstClass,Aterrizado
298,Sayre,Orellana,18000.000000,TU6789B,EconomyClass,Aterrizado
610,Sayre,Moreno,33000.000000,HY4567D,ExecutiveClass,Demorado
210,Sayres,Sanhueza,10000.000000,TU6789B,FirstClass,Aterrizado
188,Scarface,Romero,50000.000000,MM0987B,ExecutiveClass,En Horario
578,Scarlett,Medina,20000.000000,HY4567D,FirstClass,Demorado
187,Sebastien,Parra,37000.000000,MM0987B,ExecutiveClass,En Horario
633,Shandra,López,50000.000000,HY4567D,EconomyClass,Demorado
982,Sharai,Moreno,10000.000000,BA2491A,EconomyClass,Aterrizado
71,Shaughn,Escobar,15000.000000,IB0800A,FirstClass,Aterrizado
901,Shaughn,Gómez,50000.000000,BR3456J,FirstClass,Demorado
959,Shaughn,Donoso,15000.000000,BR3456J,EconomyClass,Demorado
388,Shauna,Torres,25000.000000,TU6789B,EconomyClass,Aterrizado
463,Shea,Donoso,12000.000000,GU2345F,ExecutiveClass,En Vuelo
5,Sheelagh,Pérez,18000.000000,IB0800A,FirstClass,Aterrizado
802,Sheilah,Guzmán,42000.000000,FR5678G,ExecutiveClass,En Horario
13,Shel,López,50000.000000,MM0987B,FirstClass,En Horario
579,Shel,Pino,25000.000000,HY4567D,FirstClass,Demorado
841,Shelley,Guerrero,15000.000000,FR5678G,EconomyClass,En Horario
521,Sheridan,Castro,50000.000000,GU2345F,EconomyClass,En Vuelo
661,Shermie,Riquelme,12000.000000,HY4567D,EconomyClass,Demorado
391,Sherwin,Espinoza,50000.000000,MM0987B,ExecutiveClass,En Horario
635,Sherwin,Hernández,10000.000000,HY4567D,EconomyClass,Demorado
269,Shirl,Castillo,20000.000000,TU6789B,ExecutiveClass,Aterrizado
165,Sib,Riquelme,33000.000000,IB0800A,EconomyClass,Aterrizado
417,Sibley,Vera,20000.000000,TU6789B,EconomyClass,Aterrizado
851,Sidoney,Pérez,20000.000000,FR5678G,EconomyClass,En Horario
284,Sidonia,Núñez,10000.000000,TU6789B,ExecutiveClass,Aterrizado
760,Sidonia,Torres,10000.000000,FR5678G,FirstClass,En Horario
381,Silas,Martínez,15000.000000,BA2491A,EconomyClass,Aterrizado
734,Silas,Moreno,20000.000000,IB0800A,EconomyClass,Aterrizado
409,Sileas,Jara,20000.000000,TU6789B,EconomyClass,Aterrizado
306,Silvan,Guzmán,12000.000000,TU6789B,EconomyClass,Aterrizado
742,Silvano,Domínguez,12000.000000,FR5678G,FirstClass,En Horario
738,Silvie,Alonso,12000.000000,FR5678G,FirstClass,En Horario
361,Sinclair,Díaz,50000.000000,TU6789B,EconomyClass,Aterrizado
956,Sioux,Navarrete,12000.000000,MM0987B,EconomyClass,En Horario
491,Skipton,Gutiérrez,10000.000000,GU2345F,EconomyClass,En Vuelo
415,Skylar,Miranda,20000.000000,TU6789B,EconomyClass,Aterrizado
972,Sloan,López,42000.000000,IB0800A,EconomyClass,Aterrizado
684,Sly,Romero,42000.000000,HY4567D,EconomyClass,Demorado
431,Smitty,Henríquez,15000.000000,GU2345F,FirstClass,En Vuelo
75,Solomon,Salinas,10000.000000,IB0800A,ExecutiveClass,Aterrizado
65,Star,Aravena,33000.000000,MM0987B,FirstClass,En Horario
37,Stefa,Jara,42000.000000,BA2491A,FirstClass,Aterrizado
264,Stephen,Torres,37000.000000,TU6789B,ExecutiveClass,Aterrizado
134,Stephenie,Sepúlveda,50000.000000,BA2491A,ExecutiveClass,Aterrizado
118,Stu,Alonso,12000.000000,MM0987B,ExecutiveClass,En Horario
91,Sully,Donoso,15000.000000,MM0987B,ExecutiveClass,En Horario
811,Susi,Vázquez,18000.000000,FR5678G,EconomyClass,En Horario
573,Sutherlan,Peña,10000.000000,GU2345F,EconomyClass,En Vuelo
467,Svend,Ortega,25000.000000,GU2345F,ExecutiveClass,En Vuelo
258,Sydelle,Sepúlveda,30000.000000,BA2491A,EconomyClass,Aterrizado
40,Sydney,Figueroa,10000.000000,MM0987B,FirstClass,En Horario
907,Tabb,Rivera,50000.000000,BR3456J,ExecutiveClass,Demorado
229,Tabina,Martínez,10000.000000,TU6789B,FirstClass,Aterrizado
311,Tabor,Parra,37000.000000,TU6789B,EconomyClass,Aterrizado
260,Tadd,Rodríguez,50000.000000,TU6789B,ExecutiveClass,Aterrizado
682,Tally,Aguilera,42000.000000,HY4567D,EconomyClass,Demorado
442,Tam,Leiva,20000.000000,GU2345F,ExecutiveClass,En Vuelo
999,Tamaarra,Navarro,15000.000000,MM0987B,EconomyClass,En Horario
490,Tamarah,Alonso,50000.000000,GU2345F,EconomyClass,En Vuelo
823,Tania,Lagos,42000.000000,FR5678G,EconomyClass,En Horario
156,Tanny,Carrasco,42000.000000,IB0800A,EconomyClass,Aterrizado
142,Tanya,Flores,30000.000000,IB0800A,EconomyClass,Aterrizado
347,Tarra,Farías,12000.000000,TU6789B,EconomyClass,Aterrizado
84,Tatiania,Palma,20000.000000,IB0800A,ExecutiveClass,Aterrizado
701,Tedra,Bustos,33000.000000,HY4567D,EconomyClass,Demorado
689,Terrence,Yáñez,42000.000000,HY4567D,EconomyClass,Demorado
694,Terrie,Vidal,42000.000000,HY4567D,EconomyClass,Demorado
112,Tersina,Hernández,30000.000000,IB0800A,ExecutiveClass,Aterrizado
873,Thomasa,Pérez,18000.000000,FR5678G,EconomyClass,En Horario
212,Thomasina,Navarrete,42000.000000,TU6789B,FirstClass,Aterrizado
651,Thorndike,Ramírez,10000.000000,HY4567D,EconomyClass,Demorado
315,Timothea,Vázquez,20000.000000,TU6789B,EconomyClass,Aterrizado
250,Tiphani,Muñoz,42000.000000,TU6789B,ExecutiveClass,Aterrizado
581,Tiphani,Moreno,33000.000000,HY4567D,FirstClass,Demorado
30,Toby,Fernández,15000.000000,IB0800A,FirstClass,Aterrizado
766,Toby,Tapia,20000.000000,FR5678G,ExecutiveClass,En Horario
131,Tom,Contreras,33000.000000,BA2491A,ExecutiveClass,Aterrizado
679,Tomi,Henríquez,50000.000000,HY4567D,EconomyClass,Demorado
625,Tonya,Pérez,37000.000000,HY4567D,ExecutiveClass,Demorado
780,Tootsie,Núñez,25000.000000,FR5678G,ExecutiveClass,En Horario
482,Tori,Jiménez,42000.000000,GU2345F,EconomyClass,En Vuelo
515,Torrey,Espinoza,42000.000000,GU2345F,EconomyClass,En Vuelo
116,Tracey,Muñoz,20000.000000,IB0800A,ExecutiveClass,Aterrizado
992,Trenna,Ramos,10000.000000,MM0987B,EconomyClass,En Horario
85,Trenton,Moreno,12000.000000,IB0800A,ExecutiveClass,Aterrizado
821,Trevor,Peña,10000.000000,FR5678G,EconomyClass,En Horario
958,Trista,Alvarado,50000.000000,BR3456J,EconomyClass,Demorado
109,Trixie,Martín,42000.000000,IB0800A,ExecutiveClass,Aterrizado
226,Trula,Fernández,30000.000000,TU6789B,FirstClass,Aterrizado
590,Trumaine,Toro,15000.000000,HY4567D,FirstClass,Demorado
868,Trumaine,Ramos,42000.000000,FR5678G,EconomyClass,En Horario
359,Tully,Ruiz,18000.000000,TU6789B,EconomyClass,Aterrizado
915,Tyrone,Vega,15000.000000,MM0987B,EconomyClass,En Horario
358,Ula,Jiménez,50000.000000,TU6789B,EconomyClass,Aterrizado
2,Ulrike,Muñoz,25000.000000,IB0800A,FirstClass,Aterrizado
586,Umeko,Alvarado,30000.000000,HY4567D,FirstClass,Demorado
318,Urban,Leiva,10000.000000,BA2491A,EconomyClass,Aterrizado
329,Urbano,Bustos,50000.000000,TU6789B,EconomyClass,Aterrizado
401,Vail,Sánchez,33000.000000,MM0987B,EconomyClass,En Horario
855,Vassili,Ruiz,33000.000000,FR5678G,EconomyClass,En Horario
939,Verina,Escobar,37000.000000,IB0800A,EconomyClass,Aterrizado
942,Vernen,Vidal,18000.000000,IB0800A,EconomyClass,Aterrizado
373,Veronica,González,42000.000000,TU6789B,EconomyClass,Aterrizado
593,Vic,Guerrero,25000.000000,HY4567D,FirstClass,Demorado
392,Vikki,Valenzuela,33000.000000,MM0987B,ExecutiveClass,En Horario
376,Vikky,Díaz,15000.000000,BA2491A,EconomyClass,Aterrizado
129,Vina,Pérez,42000.000000,BA2491A,ExecutiveClass,Aterrizado
514,Vincents,Flores,25000.000000,MM0987B,EconomyClass,En Horario
634,Viva,Fuentes,25000.000000,HY4567D,EconomyClass,Demorado
432,Wade,Saavedra,12000.000000,GU2345F,FirstClass,En Vuelo
840,Wadsworth,Venegas,30000.000000,FR5678G,EconomyClass,En Horario
951,Wake,Pino,25000.000000,BR3456J,EconomyClass,Demorado
190,Waldon,Vargas,30000.000000,MM0987B,ExecutiveClass,En Horario
989,Wandie,Torres,25000.000000,BA2491A,EconomyClass,Aterrizado
176,Wanids,Olivares,30000.000000,MM0987B,ExecutiveClass,En Horario
978,Warner,Jiménez,30000.000000,IB0800A,EconomyClass,Aterrizado
500,Warren,Díaz,25000.000000,GU2345F,EconomyClass,En Vuelo
317,Web,Yáñez,37000.000000,BA2491A,EconomyClass,Aterrizado
208,Weider,Palma,50000.000000,TU6789B,FirstClass,Aterrizado
922,Wenda,Gallardo,12000.000000,BR3456J,ExecutiveClass,Demorado
977,Wenonah,Martín,12000.000000,IB0800A,EconomyClass,Aterrizado
435,Wesley,Parra,10000.000000,GU2345F,FirstClass,En Vuelo
665,Wheeler,Vera,25000.000000,HY4567D,EconomyClass,Demorado
355,Wilfred,Pérez,20000.000000,TU6789B,EconomyClass,Aterrizado
775,Wilie,Ramírez,30000.000000,FR5678G,ExecutiveClass,En Horario
404,Willa,Carrasco,30000.000000,TU6789B,EconomyClass,Aterrizado
659,Willdon,Rivera,10000.000000,HY4567D,EconomyClass,Demorado
495,Willey,Vázquez,15000.000000,GU2345F,EconomyClass,En Vuelo
321,Wilona,Valdés,25000.000000,BA2491A,EconomyClass,Aterrizado
807,Wini,Parra,37000.000000,FR5678G,EconomyClass,En Horario
739,Winnifred,Gutiérrez,10000.000000,FR5678G,FirstClass,En Horario
925,Wittie,Salazar,37000.000000,BR3456J,ExecutiveClass,Demorado
640,Wolfy,Valenzuela,33000.000000,HY4567D,EconomyClass,Demorado
688,Xenos,Cáceres,37000.000000,HY4567D,EconomyClass,Demorado
139,Yankee,Hernández,42000.000000,BA2491A,ExecutiveClass,Aterrizado
845,Yardley,González,50000.000000,FR5678G,EconomyClass,En Horario
798,Yelena,Gallardo,50000.000000,FR5678G,ExecutiveClass,En Horario
826,Yetta,Medina,25000.000000,FR5678G,EconomyClass,En Horario
202,Yorke,Godoy,15000.000000,BA2491A,EconomyClass,Aterrizado
685,Yul,Aravena,30000.000000,HY4567D,EconomyClass,Demorado
255,Yuri,Contreras,25000.000000,BA2491A,EconomyClass,Aterrizado
300,Zabrina,Olivares,12000.000000,TU6789B,EconomyClass,Aterrizado
991,Zaccaria,Vázquez,33000.000000,MM0987B,EconomyClass,En Horario
128,Zacharie,Díaz,30000.000000,BA2491A,ExecutiveClass,Aterrizado
724,Zia,López,42000.000000,IB0800A,EconomyClass,Aterrizado
960,Zitella,Poblete,42000.000000,BR3456J,EconomyClass,Demorado
193,Zolly,Yáñez,25000.000000,MM0987B,ExecutiveClass,En Horario
224,Zonda,San Martín,33000.000000,TU6789B,FirstClass,Aterrizado
692,Zorina,Ruiz,18000.000000,HY4567D,EconomyClass,Demorado
750,Zsa zsa,Soto,20000.000000,FR5678G,FirstClass,En Horario
1001,juann,barraza,33000.000000,GTDR781,ExecutiveClass,Aterrizado
